CN,certs
bafaa449-d7a1-47f6-a6be-fd6ac5823f94,"-----BEGIN CERTIFICATE-----
MIIB7jCCAZWgAwIBAgIUBalS8adDKAeNXLv1bc43FBDxoVkwCgYIKoZIzj0EAwIw
MDEYMBYGA1UEAwwPTWF0dGVyIFRlc3QgUEFJMRQwEgYKKwYBBAGConwCAQwEMDA0
ODAgFw0yNTExMDUxNzQ1MjBaGA8yMTI1MTAxMjE3NDUyMFowWzEtMCsGA1UEAwwk
YmFmYWE0NDktZDdhMS00N2Y2LWE2YmUtZmQ2YWM1ODIzZjk0MRQwEgYKKwYBBAGC
onwCAQwEMDA0ODEUMBIGCisGAQQBgqJ8AgIMBDEwMDAwWTATBgcqhkjOPQIBBggq
hkjOPQMBBwNCAAQm1aP80No1beWHLFROXBou0bvoxPQHrIw9W6IRWOryBROK5orv
CWdEpLTFhD4YNps5sTd13D7okZHeYpo13/doo2AwXjAMBgNVHRMBAf8EAjAAMA4G
A1UdDwEB/wQEAwIHgDAdBgNVHQ4EFgQUF+2DIpZrcIRqVsTokTcdSy0pGykwHwYD
VR0jBBgwFoAUPY8wHfQZQc9Z+O4hw1kE4woOdD0wCgYIKoZIzj0EAwIDRwAwRAIg
NjjlwAgWh/rm/kxSr/z6uWCTcPj7iBap+t34oeIGqLgCICg8rBc8aN5WH6vGmQpN
pS8oPp2wcqpPe2RtcJoQgio6
-----END CERTIFICATE-----
"
