CN,certs
19252e7a-fc0d-4b7c-a148-3f76e5e8274d,"-----BEGIN CERTIFICATE-----
MIIB5DCCAYmgAwIBAgIIajudqDM+v7owCgYIKoZIzj0EAwIwMDEYMBYGA1UEAwwP
TWF0dGVyIFRlc3QgUEFJMRQwEgYKKwYBBAGConwCAQwEMDA0ODAgFw0yNTA0MjIw
MDAwMDBaGA85OTk5MTIzMTIzNTk1OVowWzEtMCsGA1UEAwwkMTkyNTJlN2EtZmMw
ZC00YjdjLWExNDgtM2Y3NmU1ZTgyNzRkMRQwEgYKKwYBBAGConwCAQwEMDA0ODEU
MBIGCisGAQQBgqJ8AgIMBDIwMDAwWTATBgcqhkjOPQIBBggqhkjOPQMBBwNCAASm
fc8IewY5ay42LSY06iGANAOqALbItTmYr0xwTzMFMqXJnnCffsnOP2J3pSoUnmHM
4omPIwY+XShmLWlE4BJ6o2AwXjAMBgNVHRMBAf8EAjAAMA4GA1UdDwEB/wQEAwIH
gDAdBgNVHQ4EFgQUzwUdPnwg+iO07Qwrh13JHlTx+TQwHwYDVR0jBBgwFoAUEWKL
XW5CaGV+XZN13yT5/gomXFwwCgYIKoZIzj0EAwIDSQAwRgIhAPrf6p3d2tFwij+Q
qggiE0pt0Pblg1T+4zCHSvs6ZzPtAiEArT5Dzw+z2A54ExC7gIUUWNWBgznJIX7m
qVVWIY/h8Fs=
-----END CERTIFICATE-----
"
